{
  "joule": {
    "chatButton": [
      "button[aria-label*='Joule']",
      "button[title*='Joule']",
      "button[aria-label*='AI']",
      "[role='button'][aria-label*='Joule']",
      "//button[contains(@aria-label, 'Joule')]",
      "//button[contains(@aria-label, 'AI')]",
      "//*[@role='button' and contains(@aria-label, 'Joule')]"
    ],
    "inputField": [
      "textarea[placeholder*='Message Joule']",
      "textarea[placeholder='Message Joule...']",
      "textarea[aria-label*='Joule']",
      "textarea[aria-label*='Message Joule']",
      "[role='textbox'][aria-label*='Joule']",
      "//textarea[contains(@placeholder, 'Message Joule')]",
      "//textarea[contains(@aria-label, 'Joule')]",
      "//*[@role='textbox' and contains(@aria-label, 'Joule')]"
    ],
    "sendButton": [
      "textarea + button",
      "[role='textbox'] + button",
      "button[aria-label='Send']",
      "button[aria-label*='Send message']",
      "button[aria-label*='send']",
      "button[type='submit']",
      "button[data-sap-ui*='send']",
      ".send-icon",
      "svg[aria-label='Send']",
      "ui5-button:contains('Send')",
      "[data-ui5-stable*='send'] button",
      "//button[@aria-label='Send']",
      "//button[contains(@aria-label, 'send')]",
      "//button[@type='submit']",
      "//textarea/following-sibling::button",
      "//*[@role='textbox']/following-sibling::button"
    ],
    "responseContainer": [
      ".joule-response",
      ".chat-message",
      "[role='log']",
      "//div[contains(@class, 'response')]",
      "//div[@role='log']"
    ],
    "closeButton": [
      "button[aria-label='Close']",
      "button[aria-label*='close']",
      "button[title='Close']",
      "[aria-label='Close']",
      "//button[@aria-label='Close']",
      "//button[contains(@aria-label, 'lose')]",
      "//*[@aria-label='Close']"
    ]
  },
  "navigation": {
    "costCenter": [
      "a[href*='cost_center']",
      "button:has-text('Cost Center')",
      "//a[contains(@href, 'cost_center')]",
      "//button[contains(text(), 'Cost Center')]",
      "//a[contains(text(), 'Cost Center')]"
    ]
  },
  "goalForm": {
    "createButton": [
      "[data-ui5-stable*='Module-GOAL']",
      "ui5-button:contains('Create')",
      "ui5-static-area-item-sf-header button",
      "[data-ui5-stable*='create'] button",
      "ui5-button-xweb-goalmanagement",
      "ui5-button",
      "button[aria-label*='Create Goal']",
      "button[aria-label*='Create']",
      "span.ui5-dynamic-page-title-focus-area[role='button']",
      "span[class*='dynamic-page-title-focus-area'][role='button']",
      "span[data-sap-focus-ref='true'][role='button']",
      "span[role='button'][aria-expanded]",
      "[role='button'][data-sap-focus-ref='true']",
      "button.ui5-button-root[role='button']",
      "button[class*='ui5-button']",
      "button[data-sap-focus-ref='true']",
      "a[href*='goal-form?action=create']",
      "//span[@class='ui5-dynamic-page-title-focus-area' and @role='button']",
      "//span[@role='button' and @data-sap-focus-ref='true']",
      "//button[contains(@aria-label, 'Create')]"
    ],
    "aiPromptField": [
      "textarea[placeholder*='write some words about']",
      "textarea[aria-label*='goal description']",
      "textarea[name*='description']",
      "textarea[placeholder*='Write some words']",
      "[role='textbox'][placeholder*='write some words']",
      "//textarea[contains(@placeholder, 'write some words about')]",
      "//textarea[contains(@placeholder, 'Write some words')]"
    ],
    "generateButton": [
      "button[aria-label*='Generate goals using AI']",
      "button[aria-description*='Generate goals using AI']",
      "button[title*='Generate goals using AI']",
      "button:has-text('Generate')",
      "[role='button'][aria-label*='Generate']",
      "//button[contains(@aria-label, 'Generate goals using AI')]",
      "//button[contains(@aria-description, 'Generate goals using AI')]",
      "//button[contains(text(), 'Generate')]"
    ],
    "submitButton": [
      "button[type='submit']",
      "button[aria-label*='Submit']",
      "button[aria-label*='Save']",
      "ui5-button",
      "ui5-button-xweb-goalmanagement",
      "[role='button'][aria-label*='Submit']",
      "[role='button'][aria-label*='Save']",
      "//button[@type='submit']",
      "//button[contains(@aria-label, 'Submit') or contains(@aria-label, 'Save')]"
    ],
    "saveButton": [
      "ui5-button-xweb-goalmanagement",
      "ui5-button",
      "button[aria-label*='Save']",
      "button[type='submit']",
      "[role='button'][aria-label*='Save']",
      "//button[contains(@aria-label, 'Save')]"
    ]
  }
}
