{
  "journeys": {
    "employee": {
      "name": "Your First Week",
      "description": "Follow your journey from nervous new hire to confident team member in your first week at the company"
    },
    "manager": {
      "name": "The New Manager",
      "description": "You just got promoted! Navigate your first weeks as a manager, from clearing approvals to building your leadership style"
    },
    "agent": {
      "name": "AI Revolution",
      "description": "Unlock the power of AI to transform how you work - from goal creation to data analysis"
    },
    "s4hana-sales": {
      "name": "Sales Hero's Journey",
      "description": "Your mission: Master sales operations from order tracking to billing mastery. Customers are counting on you!"
    },
    "s4hana-procurement": {
      "name": "Procurement Champion",
      "description": "Supply chain warrior! Navigate the complex world of purchase orders, requisitions, and vendor management"
    },
    "s4hana-delivery": {
      "name": "Warehouse Wizard",
      "description": "The warehouse floor is your domain. Master delivery tracking, picking operations, and shipping logistics"
    }
  },
  "quests": [
    {
      "id": "employee-leave-balance",
      "category": "employee",
      "difficulty": "Easy",
      "points": 100,
      "icon": "🏖️",
      "solutions": [
        "successfactors"
      ],
      "i18nKey": "quests.employee-leave-balance",
      "steps": [
        {
          "id": 1,
          "name": "Open Joule",
          "description": "Opening Joule AI assistant...",
          "action": "click",
          "selector": "joule.chatButton",
          "waitForResponse": false,
          "successMessage": "Joule opened! 🎮"
        },
        {
          "id": 2,
          "name": "Check Leave Balance",
          "description": "Asking about time off...",
          "action": "type_and_send",
          "waitForResponse": true,
          "responseKeywords": [
            "leave",
            "balance",
            "vacation",
            "days",
            "remaining",
            "available"
          ],
          "successMessage": "Leave balance retrieved! 🏆",
          "promptKey": "prompts.viewLeaveBalance"
        }
      ]
    },
    {
      "id": "employee-my-goals",
      "category": "employee",
      "difficulty": "Easy",
      "points": 100,
      "icon": "🎯",
      "solutions": [
        "successfactors"
      ],
      "i18nKey": "quests.employee-my-goals",
      "steps": [
        {
          "id": 1,
          "name": "Open Joule",
          "description": "Opening Joule AI assistant...",
          "action": "click",
          "selector": "joule.chatButton",
          "waitForResponse": false,
          "successMessage": "Joule opened! 🎮"
        },
        {
          "id": 2,
          "name": "View Goals",
          "description": "Retrieving your goals...",
          "action": "type_and_send",
          "waitForResponse": true,
          "responseKeywords": [
            "goal",
            "objective",
            "target",
            "performance",
            "development"
          ],
          "successMessage": "Goals displayed! 🏆",
          "promptKey": "prompts.showMyGoals"
        }
      ]
    },
    {
      "id": "employee-cost-center",
      "category": "employee",
      "difficulty": "Easy",
      "points": 100,
      "icon": "💰",
      "solutions": [
        "successfactors"
      ],
      "i18nKey": "quests.employee-cost-center",
      "steps": [
        {
          "id": 1,
          "name": "Open Joule",
          "description": "Opening Joule AI assistant...",
          "action": "click",
          "selector": "joule.chatButton",
          "waitForResponse": false,
          "successMessage": "Joule opened! 🎮",
          "hint": "Clicking Joule button in top bar"
        },
        {
          "id": 2,
          "name": "Ask about Cost Center",
          "description": "Sending prompt to Joule...",
          "action": "type_and_send",
          "waitForResponse": true,
          "responseKeywords": [
            "cost",
            "center",
            "CC",
            "department",
            "organization"
          ],
          "successMessage": "Quest Complete! 🏆",
          "hint": "Asking Joule for cost center information",
          "promptKey": "prompts.showMyCostCenter"
        }
      ]
    },
    {
      "id": "employee-rental-policy",
      "category": "employee",
      "difficulty": "Easy",
      "points": 100,
      "icon": "🚗",
      "solutions": [
        "successfactors"
      ],
      "requiresQuests": [
        "employee-leave-balance",
        "employee-my-goals",
        "employee-cost-center"
      ],
      "i18nKey": "quests.employee-rental-policy",
      "steps": [
        {
          "id": 1,
          "name": "Open Joule",
          "description": "Opening Joule AI assistant...",
          "action": "click",
          "selector": "joule.chatButton",
          "waitForResponse": false,
          "successMessage": "Joule opened! 🎮"
        },
        {
          "id": 2,
          "name": "Ask About Rental Policy",
          "description": "Querying company policies...",
          "action": "type_and_send",
          "waitForResponse": true,
          "responseKeywords": [
            "rental",
            "car",
            "policy",
            "vehicle",
            "travel",
            "expense"
          ],
          "successMessage": "Policy information found! 🏆",
          "promptKey": "prompts.rentalCarPolicy"
        }
      ]
    },
    {
      "id": "employee-request-time-off",
      "category": "employee",
      "difficulty": "Easy",
      "points": 100,
      "icon": "🌴",
      "solutions": [
        "successfactors"
      ],
      "requiresQuests": [
        "employee-leave-balance",
        "employee-my-goals",
        "employee-cost-center"
      ],
      "i18nKey": "quests.employee-request-time-off",
      "steps": [
        {
          "id": 1,
          "name": "Open Joule",
          "description": "Opening Joule AI assistant...",
          "action": "click",
          "selector": "joule.chatButton",
          "waitForResponse": false,
          "successMessage": "Joule opened! 🎮"
        },
        {
          "id": 2,
          "name": "Request Time Off",
          "description": "Requesting time off for tomorrow...",
          "action": "type_and_send",
          "waitForResponse": true,
          "responseKeywords": [
            "time",
            "off",
            "leave",
            "request",
            "absence",
            "vacation",
            "tomorrow"
          ],
          "successMessage": "Time off request initiated! 🏆",
          "promptKey": "prompts.requestTimeOff"
        }
      ]
    },
    {
      "id": "employee-assigned-learning",
      "category": "employee",
      "difficulty": "Medium",
      "points": 150,
      "icon": "📚",
      "solutions": [
        "successfactors"
      ],
      "requiresQuests": [
        "employee-leave-balance",
        "employee-my-goals",
        "employee-cost-center",
        "employee-rental-policy",
        "employee-request-time-off"
      ],
      "i18nKey": "quests.employee-assigned-learning",
      "steps": [
        {
          "id": 1,
          "name": "Open Joule",
          "description": "Opening Joule AI assistant...",
          "action": "click",
          "selector": "joule.chatButton",
          "waitForResponse": false,
          "successMessage": "Joule opened! 🎮"
        },
        {
          "id": 2,
          "name": "View Assigned Learning",
          "description": "Retrieving your learning assignments...",
          "action": "type_and_send",
          "waitForResponse": true,
          "responseKeywords": [
            "learning",
            "course",
            "training",
            "assigned",
            "development",
            "education"
          ],
          "successMessage": "Learning assignments retrieved! 🏆",
          "promptKey": "prompts.viewAssignedLearning"
        }
      ]
    },
    {
      "id": "employee-view-email",
      "category": "employee",
      "difficulty": "Easy",
      "points": 100,
      "icon": "📧",
      "solutions": [
        "successfactors"
      ],
      "requiresQuests": [
        "employee-leave-balance",
        "employee-my-goals",
        "employee-cost-center",
        "employee-rental-policy",
        "employee-request-time-off",
        "employee-assigned-learning"
      ],
      "i18nKey": "quests.employee-view-email",
      "steps": [
        {
          "id": 1,
          "name": "Open Joule",
          "description": "Opening Joule AI assistant...",
          "action": "click",
          "selector": "joule.chatButton",
          "waitForResponse": false,
          "successMessage": "Joule opened! 🎮"
        },
        {
          "id": 2,
          "name": "View Email",
          "description": "Retrieving your email address...",
          "action": "type_and_send",
          "waitForResponse": true,
          "responseKeywords": [
            "email",
            "@",
            "address",
            "contact"
          ],
          "successMessage": "Email retrieved! 🏆",
          "promptKey": "prompts.viewEmail"
        }
      ]
    },
    {
      "id": "employee-view-job",
      "category": "employee",
      "difficulty": "Easy",
      "points": 100,
      "icon": "💼",
      "solutions": [
        "successfactors"
      ],
      "requiresQuests": [
        "employee-leave-balance",
        "employee-my-goals",
        "employee-cost-center",
        "employee-rental-policy",
        "employee-request-time-off",
        "employee-assigned-learning"
      ],
      "i18nKey": "quests.employee-view-job",
      "steps": [
        {
          "id": 1,
          "name": "Open Joule",
          "description": "Opening Joule AI assistant...",
          "action": "click",
          "selector": "joule.chatButton",
          "waitForResponse": false,
          "successMessage": "Joule opened! 🎮"
        },
        {
          "id": 2,
          "name": "View Job Info",
          "description": "Retrieving your job information...",
          "action": "type_and_send",
          "waitForResponse": true,
          "responseKeywords": [
            "job",
            "title",
            "position",
            "role"
          ],
          "successMessage": "Job details displayed! 🏆",
          "promptKey": "prompts.viewJob"
        }
      ]
    },
    {
      "id": "employee-view-birthday",
      "category": "employee",
      "difficulty": "Easy",
      "points": 100,
      "icon": "🎂",
      "solutions": [
        "successfactors"
      ],
      "requiresQuests": [
        "employee-leave-balance",
        "employee-my-goals",
        "employee-cost-center",
        "employee-rental-policy",
        "employee-request-time-off",
        "employee-assigned-learning"
      ],
      "i18nKey": "quests.employee-view-birthday",
      "steps": [
        {
          "id": 1,
          "name": "Open Joule",
          "description": "Opening Joule AI assistant...",
          "action": "click",
          "selector": "joule.chatButton",
          "waitForResponse": false,
          "successMessage": "Joule opened! 🎮"
        },
        {
          "id": 2,
          "name": "View Birthday",
          "description": "Retrieving your birthday...",
          "action": "type_and_send",
          "waitForResponse": true,
          "responseKeywords": [
            "birthday",
            "birth",
            "date",
            "born"
          ],
          "successMessage": "Birthday displayed! 🏆",
          "promptKey": "prompts.viewBirthday"
        }
      ]
    },
    {
      "id": "manager-pending-approvals",
      "category": "manager",
      "difficulty": "Medium",
      "points": 150,
      "icon": "⚡",
      "solutions": [
        "successfactors"
      ],
      "i18nKey": "quests.manager-pending-approvals",
      "steps": [
        {
          "id": 1,
          "name": "Open Joule",
          "description": "Opening Joule AI assistant...",
          "action": "click",
          "selector": "joule.chatButton",
          "waitForResponse": false,
          "successMessage": "Joule opened! 🎮"
        },
        {
          "id": 2,
          "name": "Check Approvals",
          "description": "Fetching pending approvals...",
          "action": "type_and_send",
          "waitForResponse": true,
          "responseKeywords": [
            "approval",
            "pending",
            "request",
            "waiting",
            "review",
            "action"
          ],
          "successMessage": "Approvals retrieved! 🏆",
          "promptKey": "prompts.showPendingApprovals"
        }
      ]
    },
    {
      "id": "manager-my-team",
      "category": "manager",
      "difficulty": "Hard",
      "points": 200,
      "icon": "👥",
      "solutions": [
        "successfactors"
      ],
      "i18nKey": "quests.manager-my-team",
      "steps": [
        {
          "id": 1,
          "name": "Open Joule",
          "description": "Opening Joule AI assistant...",
          "action": "click",
          "selector": "joule.chatButton",
          "waitForResponse": false,
          "successMessage": "Joule opened! 🎮"
        },
        {
          "id": 2,
          "name": "View Team",
          "description": "Loading team information...",
          "action": "type_and_send",
          "waitForResponse": true,
          "responseKeywords": [
            "team",
            "report",
            "employee",
            "member",
            "staff",
            "direct"
          ],
          "successMessage": "Team list loaded! 👥 Waiting for buttons to render...",
          "promptKey": "prompts.showDirectReports"
        },
        {
          "id": 3,
          "name": "View First Employee Profile",
          "description": "Clicking Profile button for first team member...",
          "action": "click_button_by_text",
          "buttonText": "Profile",
          "waitForResponse": false,
          "responseKeywords": [],
          "successMessage": "Profile button clicked! 🏆✨"
        }
      ]
    },
    {
      "id": "manager-spot-award",
      "category": "manager",
      "difficulty": "Hard",
      "points": 200,
      "icon": "🏅",
      "solutions": [
        "successfactors"
      ],
      "requiresQuests": [
        "manager-pending-approvals",
        "manager-my-team"
      ],
      "i18nKey": "quests.manager-spot-award",
      "steps": [
        {
          "id": 1,
          "name": "Open Joule",
          "description": "Opening Joule AI assistant...",
          "action": "click",
          "selector": "joule.chatButton",
          "waitForResponse": false,
          "successMessage": "Joule opened! 🎮"
        },
        {
          "id": 2,
          "name": "Give Spot Award",
          "description": "Giving a spot award...",
          "action": "type_and_send",
          "waitForResponse": true,
          "responseKeywords": [
            "who",
            "employee",
            "recipient",
            "name"
          ],
          "errorKeywords": [
            "sorry",
            "couldn't",
            "unable",
            "don't have",
            "not available",
            "not found",
            "permission",
            "not authorized",
            "can't find"
          ],
          "successMessage": "Joule is asking 'who do you...' ✅",
          "promptKey": "prompts.giveSpotAward"
        },
        {
          "id": 3,
          "name": "Enter Employee Name",
          "description": "Entering employee name...",
          "action": "type_and_send",
          "waitForResponse": true,
          "responseKeywords": [
            "select",
            "choose",
            "view",
            "option",
            "award"
          ],
          "errorKeywords": [
            "not found",
            "couldn't find",
            "don't recognize",
            "no matches",
            "invalid",
            "doesn't exist"
          ],
          "optional": true,
          "successMessage": "Employee name entered ✅",
          "promptKey": "prompts.employeeName"
        },
        {
          "id": 4,
          "name": "Enter Award Amount",
          "description": "Entering award amount (1)...",
          "action": "type_and_send",
          "waitForResponse": true,
          "responseKeywords": [
            "message",
            "reason",
            "comment",
            "note"
          ],
          "errorKeywords": [
            "invalid",
            "must be",
            "should be",
            "not allowed",
            "out of range"
          ],
          "optional": true,
          "successMessage": "Award amount entered ✅",
          "promptKey": "prompts.awardAmount"
        },
        {
          "id": 5,
          "name": "Enter Award Message",
          "description": "Typing recognition message...",
          "action": "type_and_send",
          "waitForResponse": true,
          "responseKeywords": [
            "send",
            "submit",
            "confirm",
            "complete"
          ],
          "errorKeywords": [
            "required",
            "must enter",
            "cannot be empty",
            "too short",
            "too long"
          ],
          "optional": true,
          "successMessage": "Award message typed and sent ✅",
          "promptKey": "prompts.awardMessage"
        },
        {
          "id": 6,
          "name": "Quest Complete",
          "description": "Quest complete! You can now click 'Send' if you want to submit the award.",
          "action": "wait",
          "duration": 3000,
          "successMessage": "🎉 Quest complete! Click 'Send' to submit the award (optional). 🏆"
        }
      ]
    },
    {
      "id": "manager-give-feedback",
      "category": "manager",
      "difficulty": "Medium",
      "points": 150,
      "icon": "💬",
      "solutions": [
        "successfactors"
      ],
      "requiresQuests": [
        "manager-pending-approvals",
        "manager-my-team"
      ],
      "i18nKey": "quests.manager-give-feedback",
      "steps": [
        {
          "id": 1,
          "name": "Open Joule",
          "description": "Opening Joule AI assistant...",
          "action": "click",
          "selector": "joule.chatButton",
          "waitForResponse": false,
          "successMessage": "Joule opened! 🎮"
        },
        {
          "id": 2,
          "name": "Give Feedback",
          "description": "Initiating feedback...",
          "action": "type_and_send",
          "waitForResponse": true,
          "responseKeywords": [
            "who",
            "employee",
            "name",
            "recipient"
          ],
          "errorKeywords": [
            "sorry",
            "couldn't",
            "unable"
          ],
          "successMessage": "Joule is asking who... ✅",
          "promptKey": "prompts.giveFeedback"
        },
        {
          "id": 3,
          "name": "Enter Employee Name",
          "description": "Entering employee name...",
          "action": "type_and_send",
          "waitForResponse": true,
          "responseKeywords": [
            "feedback",
            "topic",
            "area",
            "about"
          ],
          "errorKeywords": [
            "not found",
            "couldn't find"
          ],
          "optional": true,
          "successMessage": "🎉 Quest complete! Specify topic (optional). 🏆",
          "promptKey": "prompts.employeeName"
        }
      ]
    },
    {
      "id": "manager-team-hire-dates",
      "category": "manager",
      "difficulty": "Medium",
      "points": 150,
      "icon": "📊",
      "solutions": [
        "successfactors"
      ],
      "requiresQuests": [
        "manager-pending-approvals",
        "manager-my-team"
      ],
      "i18nKey": "quests.manager-team-hire-dates",
      "steps": [
        {
          "id": 1,
          "name": "Open Joule",
          "description": "Opening Joule AI assistant...",
          "action": "click",
          "selector": "joule.chatButton",
          "waitForResponse": false,
          "successMessage": "Joule opened! 🎮"
        },
        {
          "id": 2,
          "name": "View Team Hire Dates",
          "description": "Retrieving team hire dates...",
          "action": "type_and_send",
          "waitForResponse": true,
          "responseKeywords": [
            "hire",
            "date",
            "team",
            "joined",
            "started"
          ],
          "successMessage": "Team hire dates displayed! 🏆",
          "promptKey": "prompts.viewTeamHireDates"
        }
      ]
    },
    {
      "id": "manager-compensation-insight",
      "category": "manager",
      "difficulty": "Hard",
      "points": 200,
      "icon": "💰",
      "solutions": [
        "successfactors"
      ],
      "requiresQuests": [
        "manager-pending-approvals",
        "manager-my-team",
        "manager-spot-award",
        "manager-give-feedback",
        "manager-team-hire-dates"
      ],
      "i18nKey": "quests.manager-compensation-insight",
      "steps": [
        {
          "id": 1,
          "name": "Open Joule",
          "description": "Opening Joule AI assistant...",
          "action": "click",
          "selector": "joule.chatButton",
          "waitForResponse": false,
          "successMessage": "Joule opened! 🎮"
        },
        {
          "id": 2,
          "name": "Request Compensation Insight",
          "description": "Requesting compensation data...",
          "action": "type_and_send",
          "waitForResponse": true,
          "responseKeywords": [
            "who",
            "employee",
            "name"
          ],
          "errorKeywords": [
            "sorry",
            "couldn't",
            "unable"
          ],
          "successMessage": "Joule is asking who... ✅",
          "promptKey": "prompts.showCompensationInsight"
        },
        {
          "id": 3,
          "name": "Enter Employee Name",
          "description": "Entering employee name...",
          "action": "type_and_send",
          "waitForResponse": true,
          "responseKeywords": [
            "compensation",
            "salary",
            "pay",
            "insight"
          ],
          "errorKeywords": [
            "not found",
            "couldn't find"
          ],
          "optional": true,
          "successMessage": "Compensation insights displayed! 🏆",
          "promptKey": "prompts.employeeName"
        }
      ]
    },
    {
      "id": "manager-view-metrics",
      "category": "manager",
      "difficulty": "Hard",
      "points": 200,
      "icon": "📈",
      "solutions": [
        "successfactors"
      ],
      "requiresQuests": [
        "manager-pending-approvals",
        "manager-my-team",
        "manager-spot-award",
        "manager-give-feedback",
        "manager-team-hire-dates"
      ],
      "i18nKey": "quests.manager-view-metrics",
      "steps": [
        {
          "id": 1,
          "name": "Open Joule",
          "description": "Opening Joule AI assistant...",
          "action": "click",
          "selector": "joule.chatButton",
          "waitForResponse": false,
          "successMessage": "Joule opened! 🎮"
        },
        {
          "id": 2,
          "name": "View Workforce Metrics",
          "description": "Retrieving workforce metrics...",
          "action": "type_and_send",
          "waitForResponse": true,
          "responseKeywords": [
            "metric",
            "data",
            "analytics",
            "report",
            "workforce"
          ],
          "successMessage": "Metrics displayed! 🏆",
          "promptKey": "prompts.showWorkforceMetrics"
        }
      ]
    },
    {
      "id": "manager-request-feedback",
      "category": "manager",
      "difficulty": "Hard",
      "points": 200,
      "icon": "🎯",
      "solutions": [
        "successfactors"
      ],
      "requiresQuests": [
        "manager-pending-approvals",
        "manager-my-team",
        "manager-spot-award",
        "manager-give-feedback",
        "manager-team-hire-dates"
      ],
      "i18nKey": "quests.manager-request-feedback",
      "steps": [
        {
          "id": 1,
          "name": "Open Joule",
          "description": "Opening Joule AI assistant...",
          "action": "click",
          "selector": "joule.chatButton",
          "waitForResponse": false,
          "successMessage": "Joule opened! 🎮"
        },
        {
          "id": 2,
          "name": "Request Feedback",
          "description": "Initiating feedback request...",
          "action": "type_and_send",
          "waitForResponse": true,
          "responseKeywords": [
            "who",
            "from",
            "name",
            "employee"
          ],
          "errorKeywords": [
            "sorry",
            "couldn't",
            "unable"
          ],
          "successMessage": "Joule is asking who... ✅",
          "promptKey": "prompts.requestFeedback"
        },
        {
          "id": 3,
          "name": "Enter Employee Name",
          "description": "Entering employee name...",
          "action": "type_and_send",
          "waitForResponse": true,
          "responseKeywords": [
            "feedback",
            "topic",
            "area",
            "about"
          ],
          "errorKeywords": [
            "not found",
            "couldn't find"
          ],
          "optional": true,
          "successMessage": "🎉 Quest complete! Specify topic (optional). 🏆",
          "promptKey": "prompts.employeeName"
        }
      ]
    },
    {
      "id": "manager-worker-profile",
      "category": "manager",
      "difficulty": "Hard",
      "points": 200,
      "icon": "🔍",
      "solutions": [
        "successfactors"
      ],
      "requiresQuests": [
        "manager-pending-approvals",
        "manager-my-team",
        "manager-spot-award",
        "manager-give-feedback",
        "manager-team-hire-dates"
      ],
      "i18nKey": "quests.manager-worker-profile",
      "steps": [
        {
          "id": 1,
          "name": "Open Joule",
          "description": "Opening Joule AI assistant...",
          "action": "click",
          "selector": "joule.chatButton",
          "waitForResponse": false,
          "successMessage": "Joule opened! 🎮"
        },
        {
          "id": 2,
          "name": "View Worker Profile",
          "description": "Requesting worker profile...",
          "action": "type_and_send",
          "waitForResponse": true,
          "responseKeywords": [
            "who",
            "employee",
            "name"
          ],
          "errorKeywords": [
            "sorry",
            "couldn't",
            "unable"
          ],
          "successMessage": "Joule is asking who... ✅",
          "promptKey": "prompts.viewWorkerProfile"
        },
        {
          "id": 3,
          "name": "Enter Employee Name",
          "description": "Entering employee name...",
          "action": "type_and_send",
          "waitForResponse": true,
          "responseKeywords": [
            "profile",
            "information",
            "details",
            "employee"
          ],
          "errorKeywords": [
            "not found",
            "couldn't find"
          ],
          "optional": true,
          "successMessage": "Worker profile displayed! 🏆",
          "promptKey": "prompts.employeeName"
        }
      ]
    },
    {
      "id": "agent-goal-creation",
      "category": "agent",
      "icon": "🤖",
      "points": 200,
      "estimatedTime": "4 minutes",
      "difficulty": "Hard",
      "solutions": [
        "successfactors"
      ],
      "i18nKey": "quests.agent-goal-creation",
      "steps": [
        {
          "id": 1,
          "name": "Navigate to Goals",
          "description": "Opening goals management screen...",
          "action": "navigate",
          "url": "/sf/goals",
          "preserveParams": true,
          "successMessage": "Goals screen opened! 📋"
        },
        {
          "id": 2,
          "name": "Open Goal Creation Form",
          "description": "Opening AI-powered goal creation form...",
          "action": "navigate",
          "url": "/sf/goals#/goal-form?action=create",
          "preserveParams": true,
          "successMessage": "Goal creation form opened! 🎯"
        },
        {
          "id": 3,
          "name": "Enter Goal Description",
          "description": "Typing AI prompt for goal generation...",
          "action": "type_in_field",
          "selector": "goalForm.aiPromptField",
          "value": "Help me improve my presentation skills by Q2 next year",
          "successMessage": "AI prompt entered! ✍️"
        },
        {
          "id": 4,
          "name": "Generate Goal with AI",
          "description": "Clicking AI generation button to create goal...",
          "action": "click_button",
          "selector": "goalForm.generateButton",
          "successMessage": "AI is generating your goal... 🤖"
        },
        {
          "id": 5,
          "name": "Wait for AI Generation",
          "description": "Waiting for AI to generate goal content...",
          "action": "wait",
          "duration": 5000,
          "successMessage": "Goal generated! Scrolling to see the complete goal... ⚡"
        },
        {
          "id": 6,
          "name": "View Complete Goal",
          "description": "Scrolling down to view the complete generated goal...",
          "action": "scroll_to_bottom",
          "successMessage": "✨ Complete goal visible! Quest complete!"
        },
        {
          "id": 7,
          "name": "Review Generated Goal",
          "description": "Quest complete! You can now click 'Save' if you want to save this goal.",
          "action": "wait",
          "duration": 3000,
          "successMessage": "🎉 Quest complete! Click 'Save' to create the goal (optional). 🏆"
        }
      ]
    },
    {
      "id": "s4hana-sales-open-orders",
      "category": "s4hana-sales",
      "difficulty": "Easy",
      "points": 100,
      "icon": "📋",
      "solutions": [
        "s4hana"
      ],
      "i18nKey": "quests.s4hana-sales-open-orders",
      "steps": [
        {
          "id": 1,
          "name": "Open Joule",
          "description": "Opening Joule AI assistant...",
          "action": "click",
          "selector": "joule.chatButton",
          "waitForResponse": false,
          "successMessage": "Joule opened! 🎮"
        },
        {
          "id": 2,
          "name": "Show Open Sales Orders",
          "description": "Querying open orders...",
          "action": "type_and_send",
          "waitForResponse": true,
          "responseKeywords": [
            "sales",
            "order",
            "open",
            "pending"
          ],
          "successMessage": "Open orders displayed! 🏆",
          "promptKey": "prompts.showOpenSalesOrders"
        }
      ]
    },
    {
      "id": "s4hana-sales-not-delivered",
      "category": "s4hana-sales",
      "difficulty": "Easy",
      "points": 100,
      "icon": "🚚",
      "solutions": [
        "s4hana"
      ],
      "i18nKey": "quests.s4hana-sales-not-delivered",
      "steps": [
        {
          "id": 1,
          "name": "Open Joule",
          "description": "Opening Joule AI assistant...",
          "action": "click",
          "selector": "joule.chatButton",
          "waitForResponse": false,
          "successMessage": "Joule opened! 🎮"
        },
        {
          "id": 2,
          "name": "Show Not Delivered Orders",
          "description": "Finding undelivered orders...",
          "action": "type_and_send",
          "waitForResponse": true,
          "responseKeywords": [
            "sales",
            "order",
            "delivered",
            "delivery",
            "pending"
          ],
          "successMessage": "Undelivered orders shown! 🏆",
          "promptKey": "prompts.showNotDeliveredOrders"
        }
      ]
    },
    {
      "id": "s4hana-sales-ship-to-party",
      "category": "s4hana-sales",
      "difficulty": "Medium",
      "points": 150,
      "icon": "🎯",
      "solutions": [
        "s4hana"
      ],
      "requiresQuests": [
        "s4hana-sales-open-orders",
        "s4hana-sales-not-delivered"
      ],
      "i18nKey": "quests.s4hana-sales-ship-to-party",
      "steps": [
        {
          "id": 1,
          "name": "Open Joule",
          "description": "Opening Joule AI assistant...",
          "action": "click",
          "selector": "joule.chatButton",
          "waitForResponse": false,
          "successMessage": "Joule opened! 🎮"
        },
        {
          "id": 2,
          "name": "Find by Ship-To Party",
          "description": "Searching by customer...",
          "action": "type_and_send",
          "waitForResponse": true,
          "responseKeywords": [
            "sales",
            "order",
            "ship",
            "party",
            "USCU-CUS23"
          ],
          "successMessage": "Ship-to party orders found! 🏆",
          "promptKey": "prompts.findShipToParty"
        }
      ]
    },
    {
      "id": "s4hana-sales-intelli-corp",
      "category": "s4hana-sales",
      "difficulty": "Easy",
      "points": 100,
      "icon": "🏢",
      "solutions": [
        "s4hana"
      ],
      "requiresQuests": [
        "s4hana-sales-open-orders",
        "s4hana-sales-not-delivered",
        "s4hana-sales-ship-to-party"
      ],
      "i18nKey": "quests.s4hana-sales-intelli-corp",
      "steps": [
        {
          "id": 1,
          "name": "Open Joule",
          "description": "Opening Joule AI assistant...",
          "action": "click",
          "selector": "joule.chatButton",
          "waitForResponse": false,
          "successMessage": "Joule opened! 🎮"
        },
        {
          "id": 2,
          "name": "Find Intelli Corp Orders",
          "description": "Searching by company...",
          "action": "type_and_send",
          "waitForResponse": true,
          "responseKeywords": [
            "sales",
            "order",
            "Intelli"
          ],
          "successMessage": "Intelli Corp orders displayed! 🏆",
          "promptKey": "prompts.showIntelliCorpOrders"
        }
      ]
    },
    {
      "id": "s4hana-sales-order-status",
      "category": "s4hana-sales",
      "difficulty": "Easy",
      "points": 100,
      "icon": "🔍",
      "solutions": [
        "s4hana"
      ],
      "requiresQuests": [
        "s4hana-sales-open-orders",
        "s4hana-sales-not-delivered",
        "s4hana-sales-ship-to-party"
      ],
      "i18nKey": "quests.s4hana-sales-order-status",
      "steps": [
        {
          "id": 1,
          "name": "Open Joule",
          "description": "Opening Joule AI assistant...",
          "action": "click",
          "selector": "joule.chatButton",
          "waitForResponse": false,
          "successMessage": "Joule opened! 🎮"
        },
        {
          "id": 2,
          "name": "Check Order Status",
          "description": "Checking order 470909...",
          "action": "type_and_send",
          "waitForResponse": true,
          "responseKeywords": [
            "sales",
            "order",
            "status",
            "470909"
          ],
          "successMessage": "Order status retrieved! 🏆",
          "promptKey": "prompts.showOrderStatus"
        }
      ]
    },
    {
      "id": "s4hana-billing-customer",
      "category": "s4hana-sales",
      "difficulty": "Easy",
      "points": 100,
      "icon": "💳",
      "solutions": [
        "s4hana"
      ],
      "requiresQuests": [
        "s4hana-sales-open-orders",
        "s4hana-sales-not-delivered",
        "s4hana-sales-ship-to-party",
        "s4hana-sales-intelli-corp",
        "s4hana-sales-order-status"
      ],
      "i18nKey": "quests.s4hana-billing-customer",
      "steps": [
        {
          "id": 1,
          "name": "Open Joule",
          "description": "Opening Joule AI assistant...",
          "action": "click",
          "selector": "joule.chatButton",
          "waitForResponse": false,
          "successMessage": "Joule opened! 🎮"
        },
        {
          "id": 2,
          "name": "Show Customer Billing",
          "description": "Finding billing documents...",
          "action": "type_and_send",
          "waitForResponse": true,
          "responseKeywords": [
            "billing",
            "document",
            "customer",
            "USCU-CUS23"
          ],
          "successMessage": "Billing documents displayed! 🏆",
          "promptKey": "prompts.showCustomerBilling"
        }
      ]
    },
    {
      "id": "s4hana-billing-sales-org",
      "category": "s4hana-sales",
      "difficulty": "Easy",
      "points": 100,
      "icon": "🏭",
      "solutions": [
        "s4hana"
      ],
      "requiresQuests": [
        "s4hana-sales-open-orders",
        "s4hana-sales-not-delivered",
        "s4hana-sales-ship-to-party",
        "s4hana-sales-intelli-corp",
        "s4hana-sales-order-status"
      ],
      "i18nKey": "quests.s4hana-billing-sales-org",
      "steps": [
        {
          "id": 1,
          "name": "Open Joule",
          "description": "Opening Joule AI assistant...",
          "action": "click",
          "selector": "joule.chatButton",
          "waitForResponse": false,
          "successMessage": "Joule opened! 🎮"
        },
        {
          "id": 2,
          "name": "Find by Sales Org",
          "description": "Filtering by sales organization...",
          "action": "type_and_send",
          "waitForResponse": true,
          "responseKeywords": [
            "billing",
            "document",
            "sales",
            "organization",
            "1010"
          ],
          "successMessage": "Sales org billing shown! 🏆",
          "promptKey": "prompts.showSalesOrgBilling"
        }
      ]
    },
    {
      "id": "s4hana-billing-payment-terms",
      "category": "s4hana-sales",
      "difficulty": "Medium",
      "points": 150,
      "icon": "💰",
      "solutions": [
        "s4hana"
      ],
      "requiresQuests": [
        "s4hana-billing-customer",
        "s4hana-billing-sales-org"
      ],
      "i18nKey": "quests.s4hana-billing-payment-terms",
      "steps": [
        {
          "id": 1,
          "name": "Open Joule",
          "description": "Opening Joule AI assistant...",
          "action": "click",
          "selector": "joule.chatButton",
          "waitForResponse": false,
          "successMessage": "Joule opened! 🎮"
        },
        {
          "id": 2,
          "name": "Find by Payment Terms",
          "description": "Filtering by payment terms...",
          "action": "type_and_send",
          "waitForResponse": true,
          "responseKeywords": [
            "billing",
            "document",
            "payment",
            "terms",
            "0001"
          ],
          "successMessage": "Payment terms billing found! 🏆",
          "promptKey": "prompts.findPaymentTermsBilling"
        }
      ]
    },
    {
      "id": "s4hana-billing-high-value",
      "category": "s4hana-sales",
      "difficulty": "Medium",
      "points": 150,
      "icon": "💎",
      "solutions": [
        "s4hana"
      ],
      "requiresQuests": [
        "s4hana-billing-customer",
        "s4hana-billing-sales-org"
      ],
      "i18nKey": "quests.s4hana-billing-high-value",
      "steps": [
        {
          "id": 1,
          "name": "Open Joule",
          "description": "Opening Joule AI assistant...",
          "action": "click",
          "selector": "joule.chatButton",
          "waitForResponse": false,
          "successMessage": "Joule opened! 🎮"
        },
        {
          "id": 2,
          "name": "Find High-Value Billing",
          "description": "Finding bills over $10,000...",
          "action": "type_and_send",
          "waitForResponse": true,
          "responseKeywords": [
            "billing",
            "document",
            "amount",
            "USD",
            "10"
          ],
          "successMessage": "High-value billing displayed! 🏆",
          "promptKey": "prompts.showHighValueBilling"
        }
      ]
    },
    {
      "id": "s4hana-billing-requests-customer",
      "category": "s4hana-sales",
      "difficulty": "Easy",
      "points": 100,
      "icon": "📬",
      "solutions": [
        "s4hana"
      ],
      "requiresQuests": [
        "s4hana-billing-customer",
        "s4hana-billing-sales-org",
        "s4hana-billing-payment-terms",
        "s4hana-billing-high-value"
      ],
      "i18nKey": "quests.s4hana-billing-requests-customer",
      "steps": [
        {
          "id": 1,
          "name": "Open Joule",
          "description": "Opening Joule AI assistant...",
          "action": "click",
          "selector": "joule.chatButton",
          "waitForResponse": false,
          "successMessage": "Joule opened! 🎮"
        },
        {
          "id": 2,
          "name": "Show Billing Requests",
          "description": "Finding billing requests...",
          "action": "type_and_send",
          "waitForResponse": true,
          "responseKeywords": [
            "billing",
            "document",
            "request",
            "customer",
            "USCU-P-005"
          ],
          "successMessage": "Billing requests shown! 🏆",
          "promptKey": "prompts.showBillingRequests"
        }
      ]
    },
    {
      "id": "s4hana-billing-ref-document",
      "category": "s4hana-sales",
      "difficulty": "Medium",
      "points": 150,
      "icon": "🔗",
      "solutions": [
        "s4hana"
      ],
      "requiresQuests": [
        "s4hana-billing-customer",
        "s4hana-billing-sales-org",
        "s4hana-billing-payment-terms",
        "s4hana-billing-high-value"
      ],
      "i18nKey": "quests.s4hana-billing-ref-document",
      "steps": [
        {
          "id": 1,
          "name": "Open Joule",
          "description": "Opening Joule AI assistant...",
          "action": "click",
          "selector": "joule.chatButton",
          "waitForResponse": false,
          "successMessage": "Joule opened! 🎮"
        },
        {
          "id": 2,
          "name": "Find by Reference Doc",
          "description": "Searching by reference document...",
          "action": "type_and_send",
          "waitForResponse": true,
          "responseKeywords": [
            "billing",
            "document",
            "reference",
            "1000000022"
          ],
          "successMessage": "Reference doc billing found! 🏆",
          "promptKey": "prompts.showRefDocumentBilling"
        }
      ]
    },
    {
      "id": "s4hana-billing-product",
      "category": "s4hana-sales",
      "difficulty": "Easy",
      "points": 100,
      "icon": "📦",
      "solutions": [
        "s4hana"
      ],
      "requiresQuests": [
        "s4hana-billing-customer",
        "s4hana-billing-sales-org",
        "s4hana-billing-payment-terms",
        "s4hana-billing-high-value"
      ],
      "i18nKey": "quests.s4hana-billing-product",
      "steps": [
        {
          "id": 1,
          "name": "Open Joule",
          "description": "Opening Joule AI assistant...",
          "action": "click",
          "selector": "joule.chatButton",
          "waitForResponse": false,
          "successMessage": "Joule opened! 🎮"
        },
        {
          "id": 2,
          "name": "Find Product Billing",
          "description": "Searching by product...",
          "action": "type_and_send",
          "waitForResponse": true,
          "responseKeywords": [
            "billing",
            "document",
            "product",
            "PC_SUPP_1"
          ],
          "successMessage": "Product billing displayed! 🏆",
          "promptKey": "prompts.showProductBilling"
        }
      ]
    },
    {
      "id": "s4hana-billing-org-1710",
      "category": "s4hana-sales",
      "difficulty": "Easy",
      "points": 100,
      "icon": "🏪",
      "solutions": [
        "s4hana"
      ],
      "requiresQuests": [
        "s4hana-billing-customer",
        "s4hana-billing-sales-org",
        "s4hana-billing-payment-terms",
        "s4hana-billing-high-value"
      ],
      "i18nKey": "quests.s4hana-billing-org-1710",
      "steps": [
        {
          "id": 1,
          "name": "Open Joule",
          "description": "Opening Joule AI assistant...",
          "action": "click",
          "selector": "joule.chatButton",
          "waitForResponse": false,
          "successMessage": "Joule opened! 🎮"
        },
        {
          "id": 2,
          "name": "Find Org 1710 Billing",
          "description": "Finding sales org 1710...",
          "action": "type_and_send",
          "waitForResponse": true,
          "responseKeywords": [
            "billing",
            "document",
            "sales",
            "organization",
            "1710"
          ],
          "successMessage": "Org 1710 billing shown! 🏆",
          "promptKey": "prompts.showOrg1710Billing"
        }
      ]
    },
    {
      "id": "s4hana-billing-issues",
      "category": "s4hana-sales",
      "difficulty": "Medium",
      "points": 150,
      "icon": "⚠️",
      "solutions": [
        "s4hana"
      ],
      "requiresQuests": [
        "s4hana-billing-requests-customer",
        "s4hana-billing-ref-document",
        "s4hana-billing-product",
        "s4hana-billing-org-1710"
      ],
      "i18nKey": "quests.s4hana-billing-issues",
      "steps": [
        {
          "id": 1,
          "name": "Open Joule",
          "description": "Opening Joule AI assistant...",
          "action": "click",
          "selector": "joule.chatButton",
          "waitForResponse": false,
          "successMessage": "Joule opened! 🎮"
        },
        {
          "id": 2,
          "name": "Find Problem Billing",
          "description": "Searching for issues...",
          "action": "type_and_send",
          "waitForResponse": true,
          "responseKeywords": [
            "billing",
            "document",
            "issue",
            "problem",
            "error"
          ],
          "successMessage": "Problem billing displayed! 🏆",
          "promptKey": "prompts.showBillingIssues"
        }
      ]
    },
    {
      "id": "s4hana-po-material",
      "category": "s4hana-procurement",
      "difficulty": "Easy",
      "points": 100,
      "icon": "🔩",
      "solutions": [
        "s4hana"
      ],
      "i18nKey": "quests.s4hana-po-material",
      "steps": [
        {
          "id": 1,
          "name": "Open Joule",
          "description": "Opening Joule AI assistant...",
          "action": "click",
          "selector": "joule.chatButton",
          "waitForResponse": false,
          "successMessage": "Joule opened! 🎮"
        },
        {
          "id": 2,
          "name": "Find Material PO",
          "description": "Searching purchase orders...",
          "action": "type_and_send",
          "waitForResponse": true,
          "responseKeywords": [
            "purchase",
            "order",
            "material",
            "TG0011"
          ],
          "successMessage": "Material PO items found! 🏆",
          "promptKey": "prompts.poMaterial"
        }
      ]
    },
    {
      "id": "s4hana-po-plant",
      "category": "s4hana-procurement",
      "difficulty": "Easy",
      "points": 100,
      "icon": "🏭",
      "solutions": [
        "s4hana"
      ],
      "i18nKey": "quests.s4hana-po-plant",
      "steps": [
        {
          "id": 1,
          "name": "Open Joule",
          "description": "Opening Joule AI assistant...",
          "action": "click",
          "selector": "joule.chatButton",
          "waitForResponse": false,
          "successMessage": "Joule opened! 🎮"
        },
        {
          "id": 2,
          "name": "Find Plant PO",
          "description": "Filtering by plant...",
          "action": "type_and_send",
          "waitForResponse": true,
          "responseKeywords": [
            "PO",
            "purchase",
            "order",
            "plant",
            "1710"
          ],
          "successMessage": "Plant PO items displayed! 🏆",
          "promptKey": "prompts.poPlant"
        }
      ]
    },
    {
      "id": "s4hana-po-item-category",
      "category": "s4hana-procurement",
      "difficulty": "Medium",
      "points": 150,
      "icon": "📑",
      "solutions": [
        "s4hana"
      ],
      "requiresQuests": [
        "s4hana-po-material",
        "s4hana-po-plant"
      ],
      "i18nKey": "quests.s4hana-po-item-category",
      "steps": [
        {
          "id": 1,
          "name": "Open Joule",
          "description": "Opening Joule AI assistant...",
          "action": "click",
          "selector": "joule.chatButton",
          "waitForResponse": false,
          "successMessage": "Joule opened! 🎮"
        },
        {
          "id": 2,
          "name": "Check Item Category",
          "description": "Checking item category...",
          "action": "type_and_send",
          "waitForResponse": true,
          "responseKeywords": [
            "item",
            "category",
            "PO",
            "4500000012"
          ],
          "successMessage": "Item category retrieved! 🏆",
          "promptKey": "prompts.poItemCategory"
        }
      ]
    },
    {
      "id": "s4hana-po-supplier",
      "category": "s4hana-procurement",
      "difficulty": "Easy",
      "points": 100,
      "icon": "🤝",
      "solutions": [
        "s4hana"
      ],
      "requiresQuests": [
        "s4hana-po-material",
        "s4hana-po-plant",
        "s4hana-po-item-category"
      ],
      "i18nKey": "quests.s4hana-po-supplier",
      "steps": [
        {
          "id": 1,
          "name": "Open Joule",
          "description": "Opening Joule AI assistant...",
          "action": "click",
          "selector": "joule.chatButton",
          "waitForResponse": false,
          "successMessage": "Joule opened! 🎮"
        },
        {
          "id": 2,
          "name": "Find Supplier POs",
          "description": "Searching by supplier...",
          "action": "type_and_send",
          "waitForResponse": true,
          "responseKeywords": [
            "PO",
            "supplier",
            "17300001"
          ],
          "successMessage": "Supplier POs displayed! 🏆",
          "promptKey": "prompts.poSupplier"
        }
      ]
    },
    {
      "id": "s4hana-po-purch-group",
      "category": "s4hana-procurement",
      "difficulty": "Easy",
      "points": 100,
      "icon": "👔",
      "solutions": [
        "s4hana"
      ],
      "requiresQuests": [
        "s4hana-po-material",
        "s4hana-po-plant",
        "s4hana-po-item-category"
      ],
      "i18nKey": "quests.s4hana-po-purch-group",
      "steps": [
        {
          "id": 1,
          "name": "Open Joule",
          "description": "Opening Joule AI assistant...",
          "action": "click",
          "selector": "joule.chatButton",
          "waitForResponse": false,
          "successMessage": "Joule opened! 🎮"
        },
        {
          "id": 2,
          "name": "Find Purch Group POs",
          "description": "Filtering by purchasing group...",
          "action": "type_and_send",
          "waitForResponse": true,
          "responseKeywords": [
            "PO",
            "purch",
            "group",
            "001"
          ],
          "successMessage": "Purch group POs shown! 🏆",
          "promptKey": "prompts.poPurchGroup"
        }
      ]
    },
    {
      "id": "s4hana-pr-value-filter",
      "category": "s4hana-procurement",
      "difficulty": "Medium",
      "points": 150,
      "icon": "💶",
      "solutions": [
        "s4hana"
      ],
      "requiresQuests": [
        "s4hana-po-supplier",
        "s4hana-po-purch-group"
      ],
      "i18nKey": "quests.s4hana-pr-value-filter",
      "steps": [
        {
          "id": 1,
          "name": "Open Joule",
          "description": "Opening Joule AI assistant...",
          "action": "click",
          "selector": "joule.chatButton",
          "waitForResponse": false,
          "successMessage": "Joule opened! 🎮"
        },
        {
          "id": 2,
          "name": "Find PRs by Value",
          "description": "Filtering by value...",
          "action": "type_and_send",
          "waitForResponse": true,
          "responseKeywords": [
            "purchase",
            "requisition",
            "value",
            "100",
            "EUR"
          ],
          "successMessage": "Value PRs displayed! 🏆",
          "promptKey": "prompts.prValueFilter"
        }
      ]
    },
    {
      "id": "s4hana-pr-purch-group",
      "category": "s4hana-procurement",
      "difficulty": "Easy",
      "points": 100,
      "icon": "📋",
      "solutions": [
        "s4hana"
      ],
      "requiresQuests": [
        "s4hana-po-supplier",
        "s4hana-po-purch-group"
      ],
      "i18nKey": "quests.s4hana-pr-purch-group",
      "steps": [
        {
          "id": 1,
          "name": "Open Joule",
          "description": "Opening Joule AI assistant...",
          "action": "click",
          "selector": "joule.chatButton",
          "waitForResponse": false,
          "successMessage": "Joule opened! 🎮"
        },
        {
          "id": 2,
          "name": "Find PR by Group",
          "description": "Finding req items...",
          "action": "type_and_send",
          "waitForResponse": true,
          "responseKeywords": [
            "req",
            "requisition",
            "purch",
            "group",
            "001"
          ],
          "successMessage": "Group PR items found! 🏆",
          "promptKey": "prompts.prPurchGroup"
        }
      ]
    },
    {
      "id": "s4hana-pr-followon-status",
      "category": "s4hana-procurement",
      "difficulty": "Hard",
      "points": 200,
      "icon": "🔄",
      "solutions": [
        "s4hana"
      ],
      "requiresQuests": [
        "s4hana-pr-value-filter",
        "s4hana-pr-purch-group"
      ],
      "i18nKey": "quests.s4hana-pr-followon-status",
      "steps": [
        {
          "id": 1,
          "name": "Open Joule",
          "description": "Opening Joule AI assistant...",
          "action": "click",
          "selector": "joule.chatButton",
          "waitForResponse": false,
          "successMessage": "Joule opened! 🎮"
        },
        {
          "id": 2,
          "name": "Check Follow-On Status",
          "description": "Checking document status...",
          "action": "type_and_send",
          "waitForResponse": true,
          "responseKeywords": [
            "follow",
            "document",
            "status",
            "PR",
            "10438000"
          ],
          "successMessage": "Follow-on status retrieved! 🏆",
          "promptKey": "prompts.prFollowOnStatus"
        }
      ]
    },
    {
      "id": "s4hana-delivery-due-shipping",
      "category": "s4hana-delivery",
      "difficulty": "Easy",
      "points": 100,
      "icon": "📦",
      "solutions": [
        "s4hana"
      ],
      "i18nKey": "quests.s4hana-delivery-due-shipping",
      "steps": [
        {
          "id": 1,
          "name": "Open Joule",
          "description": "Opening Joule AI assistant...",
          "action": "click",
          "selector": "joule.chatButton",
          "waitForResponse": false,
          "successMessage": "Joule opened! 🎮"
        },
        {
          "id": 2,
          "name": "Show Due Deliveries",
          "description": "Finding deliveries due for shipping...",
          "action": "type_and_send",
          "waitForResponse": true,
          "responseKeywords": [
            "outbound",
            "delivery",
            "deliveries",
            "shipping",
            "due"
          ],
          "successMessage": "Due deliveries displayed! 🏆",
          "promptKey": "prompts.deliveryDueShipping"
        }
      ]
    },
    {
      "id": "s4hana-delivery-lookup",
      "category": "s4hana-delivery",
      "difficulty": "Easy",
      "points": 100,
      "icon": "🔍",
      "solutions": [
        "s4hana"
      ],
      "i18nKey": "quests.s4hana-delivery-lookup",
      "steps": [
        {
          "id": 1,
          "name": "Open Joule",
          "description": "Opening Joule AI assistant...",
          "action": "click",
          "selector": "joule.chatButton",
          "waitForResponse": false,
          "successMessage": "Joule opened! 🎮"
        },
        {
          "id": 2,
          "name": "Find Delivery",
          "description": "Looking up delivery...",
          "action": "type_and_send",
          "waitForResponse": true,
          "responseKeywords": [
            "delivery",
            "80000048"
          ],
          "successMessage": "Delivery displayed! 🏆",
          "promptKey": "prompts.deliveryLookup"
        }
      ]
    },
    {
      "id": "s4hana-delivery-document",
      "category": "s4hana-delivery",
      "difficulty": "Easy",
      "points": 100,
      "icon": "📄",
      "solutions": [
        "s4hana"
      ],
      "requiresQuests": [
        "s4hana-delivery-due-shipping",
        "s4hana-delivery-lookup"
      ],
      "i18nKey": "quests.s4hana-delivery-document",
      "steps": [
        {
          "id": 1,
          "name": "Open Joule",
          "description": "Opening Joule AI assistant...",
          "action": "click",
          "selector": "joule.chatButton",
          "waitForResponse": false,
          "successMessage": "Joule opened! 🎮"
        },
        {
          "id": 2,
          "name": "Find Document",
          "description": "Finding delivery document...",
          "action": "type_and_send",
          "waitForResponse": true,
          "responseKeywords": [
            "delivery",
            "document",
            "80000048"
          ],
          "successMessage": "Delivery document found! 🏆",
          "promptKey": "prompts.deliveryDocument"
        }
      ]
    },
    {
      "id": "s4hana-delivery-picking-status",
      "category": "s4hana-delivery",
      "difficulty": "Medium",
      "points": 150,
      "icon": "📋",
      "solutions": [
        "s4hana"
      ],
      "requiresQuests": [
        "s4hana-delivery-document"
      ],
      "i18nKey": "quests.s4hana-delivery-picking-status",
      "steps": [
        {
          "id": 1,
          "name": "Open Joule",
          "description": "Opening Joule AI assistant...",
          "action": "click",
          "selector": "joule.chatButton",
          "waitForResponse": false,
          "successMessage": "Joule opened! 🎮"
        },
        {
          "id": 2,
          "name": "Check Picking Status",
          "description": "Checking picking status...",
          "action": "type_and_send",
          "waitForResponse": true,
          "responseKeywords": [
            "picking",
            "status",
            "delivery",
            "80000048"
          ],
          "successMessage": "Picking status shown! 🏆",
          "promptKey": "prompts.deliveryPickingStatus"
        }
      ]
    },
    {
      "id": "s4hana-delivery-ready-picking",
      "category": "s4hana-delivery",
      "difficulty": "Easy",
      "points": 100,
      "icon": "✅",
      "solutions": [
        "s4hana"
      ],
      "requiresQuests": [
        "s4hana-delivery-due-shipping",
        "s4hana-delivery-lookup",
        "s4hana-delivery-document"
      ],
      "i18nKey": "quests.s4hana-delivery-ready-picking",
      "steps": [
        {
          "id": 1,
          "name": "Open Joule",
          "description": "Opening Joule AI assistant...",
          "action": "click",
          "selector": "joule.chatButton",
          "waitForResponse": false,
          "successMessage": "Joule opened! 🎮"
        },
        {
          "id": 2,
          "name": "Find Ready Deliveries",
          "description": "Finding ready deliveries...",
          "action": "type_and_send",
          "waitForResponse": true,
          "responseKeywords": [
            "delivery",
            "deliveries",
            "picking",
            "ready"
          ],
          "successMessage": "Ready deliveries displayed! 🏆",
          "promptKey": "prompts.deliveryReadyPicking"
        }
      ]
    },
    {
      "id": "s4hana-delivery-goods-issue-date",
      "category": "s4hana-delivery",
      "difficulty": "Easy",
      "points": 100,
      "icon": "📅",
      "solutions": [
        "s4hana"
      ],
      "requiresQuests": [
        "s4hana-delivery-picking-status",
        "s4hana-delivery-ready-picking"
      ],
      "i18nKey": "quests.s4hana-delivery-goods-issue-date",
      "steps": [
        {
          "id": 1,
          "name": "Open Joule",
          "description": "Opening Joule AI assistant...",
          "action": "click",
          "selector": "joule.chatButton",
          "waitForResponse": false,
          "successMessage": "Joule opened! 🎮"
        },
        {
          "id": 2,
          "name": "Check Issue Date",
          "description": "Finding planned date...",
          "action": "type_and_send",
          "waitForResponse": true,
          "responseKeywords": [
            "planned",
            "goods",
            "issue",
            "date",
            "80000048"
          ],
          "successMessage": "Issue date retrieved! 🏆",
          "promptKey": "prompts.deliveryGoodsIssueDate"
        }
      ]
    }
  ]
}